https://www.google.com/maps/place/The+Last+Tuesday+Society+%26+Absinthe+Parlour/data=!4m7!3m6!1s0x48761cdd3f66fbcb:0x4b1d3432839f0dc9!8m2!3d51.5346822!4d-0.0575135!16s%2Fg%2F1hc11m5r4!19sChIJy_tmP90cdkgRyQ2fgzI0HUs?authuser=0&hl=en&rclk=1,,,,,,
https://www.google.com/maps/place/Saint+Monday/data=!4m7!3m6!1s0x48761d5ebc2e4cc7:0x938577e7e8e0bff8!8m2!3d51.5387284!4d-0.058074!16s%2Fg%2F11kr5zn7mj!19sChIJx0wuvF4ddkgR-L_g6Od3hZM?authuser=0&hl=en&rclk=1,,,,,,
https://www.google.com/maps/place/The+Dove/data=!4m7!3m6!1s0x48761ce832672347:0x7672e27497aa4aad!8m2!3d51.5363409!4d-0.0616917!16s%2Fm%2F051tl4k!19sChIJRyNnMugcdkgRrUqql3TicnY?authuser=0&hl=en&rclk=1,,,,,,
https://www.google.com/maps/place/Off+Broadway/data=!4m7!3m6!1s0x48761ce84a6db259:0xcc4de923033863a9!8m2!3d51.537386!4d-0.061411!16s%2Fg%2F1tf15c90!19sChIJWbJtSugcdkgRqWM4AyPpTcw?authuser=0&hl=en&rclk=1,,,,,,
https://www.google.com/maps/place/Marksman/data=!4m7!3m6!1s0x48761cc0b301bea3:0xb32a9541be65b483!8m2!3d51.5309165!4d-0.0695148!16s%2Fg%2F1tnqggtw!19sChIJo74Bs8AcdkgRg7RlvkGVKrM?authuser=0&hl=en&rclk=1,,,,,,
https://www.google.com/maps/place/Helgi%27s/data=!4m7!3m6!1s0x48761ce661acf43b:0xe7aee917927be8b!8m2!3d51.5401555!4d-0.055897!16s%2Fg%2F11cjpbys98!19sChIJO_SsYeYcdkgRi74neZHueg4?authuser=0&hl=en&rclk=1,,,,,,
https://www.google.com/maps/place/Forest+Road+Brewing+Co.+-+Taproom+%26+Bar/data=!4m7!3m6!1s0x48761ce7dcae3433:0x542a2a0b807549f!8m2!3d51.5376132!4d-0.057992!16s%2Fg%2F11bzsxv_z3!19sChIJMzSu3OccdkgRn1QHuKCiQgU?authuser=0&hl=en&rclk=1,,,,,,
https://www.google.com/maps/place/Sager+%2B+Wilde/data=!4m7!3m6!1s0x48761cbf34490fcb:0x4e2a0a2bd78c9f19!8m2!3d51.5310483!4d-0.0721273!16s%2Fg%2F12hldggyf!19sChIJyw9JNL8cdkgRGZ-M1ysKKk4?authuser=0&hl=en&rclk=1,,,,,,
https://www.google.com/maps/place/EQUAL+PARTS/data=!4m7!3m6!1s0x48761d6230a1de73:0xcd8d2e442311bfa2!8m2!3d51.5311486!4d-0.0694854!16s%2Fg%2F11tj6m7cf7!19sChIJc96hMGIddkgRor8RI0Qujc0?authuser=0&hl=en&rclk=1,,,,,,
https://www.google.com/maps/place/Bar+161+%7C+Cocktail+%26+Karaoke+Bar/data=!4m7!3m6!1s0x48761d1d7ce5f7c5:0x32cbbd6ace8dd9f3!8m2!3d51.5397411!4d-0.0563734!16s%2Fg%2F11ll8ybn90!19sChIJxfflfB0ddkgR89mNzmq9yzI?authuser=0&hl=en&rclk=1,,,,,,
https://www.google.com/maps/place/Netil360+Rooftop+Bar+-+Restaurant/data=!4m7!3m6!1s0x48761ce7c43b76ef:0x2d76281b26623eac!8m2!3d51.5377591!4d-0.0578584!16s%2Fg%2F11bbrhlscg!19sChIJ73Y7xOccdkgRrD5iJhsodi0?authuser=0&hl=en&rclk=1,,,,,,
https://www.google.com/maps/place/Elliot%E2%80%99s+-+Hackney/data=!4m7!3m6!1s0x48761d96330c329b:0x37a9eaf0ab4df8e4!8m2!3d51.5380652!4d-0.0575667!16s%2Fg%2F11ll7kgvpg!19sChIJmzIMM5YddkgR5PhNq_DqqTc?authuser=0&hl=en&rclk=1,,,,,,
https://www.google.com/maps/place/The+London+Fields/data=!4m7!3m6!1s0x48761ce644cd6fef:0x44a791848434f4c2!8m2!3d51.538655!4d-0.0571967!16s%2Fg%2F11csr5g5m1!19sChIJ72_NROYcdkgRwvQ0hISRp0Q?authuser=0&hl=en&rclk=1,,,,,,
https://www.google.com/maps/place/The+Virgin+Queen/data=!4m7!3m6!1s0x48761cc17f2bf5ad:0xb2f0dce1c31a9f00!8m2!3d51.5337008!4d-0.0642706!16s%2Fg%2F11f2_rmwf5!19sChIJrfUrf8EcdkgRAJ8aw-Hc8LI?authuser=0&hl=en&rclk=1,,,,,,
https://www.google.com/maps/place/Cat+%26+Mutton/data=!4m7!3m6!1s0x48761ce848f493c9:0xa1e3702dcd7d3061!8m2!3d51.5374917!4d-0.0609835!16s%2Fg%2F1tfjf0gf!19sChIJyZP0SOgcdkgRYTB9zS1w46E?authuser=0&hl=en&rclk=1,,,,,,
https://www.google.com/maps/place/The+Hemingway/data=!4m7!3m6!1s0x48761ce06853b365:0x4ffa17441e50bfa0!8m2!3d51.5372167!4d-0.0489556!16s%2Fg%2F11xk8fcg_!19sChIJZbNTaOAcdkgRoL9QHkQX-k8?authuser=0&hl=en&rclk=1,,,,,,
https://www.google.com/maps/place/Two+More+Years/data=!4m7!3m6!1s0x48761dc6b3150f05:0x3820bb8b37183063!8m2!3d51.5400979!4d-0.0208786!16s%2Fg%2F11np0jqmks!19sChIJBQ8Vs8YddkgRYzAYN4u7IDg?authuser=0&hl=en&rclk=1,,,,,,
https://www.google.com/maps/place/The+Camel/data=!4m7!3m6!1s0x48761cd9657e76c1:0x7286452943118b3c!8m2!3d51.5289211!4d-0.0520963!16s%2Fg%2F1tt0qm2z!19sChIJwXZ-ZdkcdkgRPIsRQylFhnI?authuser=0&hl=en&rclk=1,,,,,,
https://www.google.com/maps/place/Sebright+Arms/data=!4m7!3m6!1s0x48761cc3bfe3c54b:0xe52c1e4dfdd19a24!8m2!3d51.5319997!4d-0.0630679!16s%2Fg%2F12214dr8n!19sChIJS8Xjv8McdkgRJJrR_U0eLOU?authuser=0&hl=en&rclk=1,,,,,,
https://www.google.com/maps/place/Love+Shack/data=!4m7!3m6!1s0x48761dcf480cc86f:0x9c814a2bbbe3c75a!8m2!3d51.532254!4d-0.057219!16s%2Fg%2F11f5_l4cny!19sChIJb8gMSM8ddkgRWsfjuytKgZw?authuser=0&hl=en&rclk=1,,,,,,
https://www.google.com/maps/place/The+Queen+Adelaide/data=!4m7!3m6!1s0x48761cc333e326c3:0xaf20419e500d4521!8m2!3d51.5324518!4d-0.0590776!16s%2Fg%2F11clhqg6c6!19sChIJwybjM8McdkgRIUUNUJ5BIK8?authuser=0&hl=en&rclk=1,,,,,,
https://www.google.com/maps/place/The+Pembury+Tavern/data=!4m7!3m6!1s0x48761cf0860484a1:0xe803cba83bf7bc42!8m2!3d51.5494126!4d-0.0592201!16s%2Fm%2F051txbc!19sChIJoYQEhvAcdkgRQrz3O6jLA-g?authuser=0&hl=en&rclk=1,,,,,,
https://www.google.com/maps/place/The+Adam+%26+Eve/data=!4m7!3m6!1s0x48761d048688385b:0x26e12202e88ab03b!8m2!3d51.548891!4d-0.0403973!16s%2Fg%2F1w0j3plt!19sChIJWziIhgQddkgRO7CK6AIi4SY?authuser=0&hl=en&rclk=1,,,,,,
https://www.google.com/maps/place/NT%27s+Loft/data=!4m7!3m6!1s0x48761ce7dc3c810b:0xf973da8b36ac1116!8m2!3d51.5374407!4d-0.0579347!16s%2Fg%2F11bwymg34w!19sChIJC4E83OccdkgRFhGsNovac_k?authuser=0&hl=en&rclk=1,,,,,,
https://www.google.com/maps/place/Old+Ship+Pub+%26+Hotel+Hackney/data=!4m7!3m6!1s0x48761ce4d63e8c27:0xdba22a0eccc9bda1!8m2!3d51.5459336!4d-0.0558105!16s%2Fg%2F1tjy0_0f!19sChIJJ4w-1uQcdkgRob3JzA4qots?authuser=0&hl=en&rclk=1,,,,,,
https://www.google.com/maps/place/Heart+of+Hackney/data=!4m7!3m6!1s0x48761ce44bef6db5:0xb4ff0934d369d658!8m2!3d51.5428994!4d-0.0555608!16s%2Fg%2F11cs2wm5tw!19sChIJtW3vS-QcdkgRWNZp0zQJ_7Q?authuser=0&hl=en&rclk=1,,,,,,
https://www.google.com/maps/place/Old+George+Bethnal+Green/data=!4m7!3m6!1s0x48761d77fd5c0de7:0xad6d4c6034aeac33!8m2!3d51.5270525!4d-0.0607476!16s%2Fg%2F11fl98p8hq!19sChIJ5w1c_XcddkgRM6yuNGBMba0?authuser=0&hl=en&rclk=1,,,,,,
https://www.google.com/maps/place/Chesham+Arms/data=!4m7!3m6!1s0x48761cfcdc6213a7:0x85efa482f04c138b!8m2!3d51.5476074!4d-0.0501159!16s%2Fm%2F051thj4!19sChIJpxNi3PwcdkgRixNM8IKk74U?authuser=0&hl=en&rclk=1,,,,,,
https://www.google.com/maps/place/The+Natural+Philosopher/data=!4m7!3m6!1s0x48761cc33494444f:0xd28283d750f64f03!8m2!3d51.5324641!4d-0.0588254!16s%2Fg%2F11b7lmbn6l!19sChIJT0SUNMMcdkgRA0_2UNeDgtI?authuser=0&hl=en&rclk=1,,,,,,
https://www.google.com/maps/place/The+Duke+of+Richmond+-+Hackney/data=!4m7!3m6!1s0x48761dd4acddac81:0x4530170d0ca151f6!8m2!3d51.542968!4d-0.0696627!16s%2Fg%2F11b781g79q!19sChIJgazdrNQddkgR9lGhDA0XMEU?authuser=0&hl=en&rclk=1,,,,,,
https://www.google.com/maps/place/The+Five+Points+Brewery+%26+Courtyard/data=!4m7!3m6!1s0x48761cf05d8c1d3d:0x8b256beeb28c16db!8m2!3d51.5363493!4d-0.0573518!16s%2Fg%2F1hm5r8b5p!19sChIJPR2MXfAcdkgR2xaMsu5rJYs?authuser=0&hl=en&rclk=1,,,,,,
https://www.google.com/maps/place/Mare+Street+Market/data=!4m7!3m6!1s0x48761ce7b898fdcb:0xb8989a8137f5b23c!8m2!3d51.5378374!4d-0.0572332!16s%2Fg%2F11ggsg5rzs!19sChIJy_2YuOccdkgRPLL1N4GamLg?authuser=0&hl=en&rclk=1,,,,,,
https://www.google.com/maps/place/The+Empress/data=!4m7!3m6!1s0x48761d1f90a5f6bd:0xfe36faceef8617c6!8m2!3d51.5370037!4d-0.0448578!16s%2Fg%2F1tjdqts3!19sChIJvfalkB8ddkgRxheG7876Nv4?authuser=0&hl=en&rclk=1,,,,,,
https://www.google.com/maps/place/Howling+Hops+Brewery+and+Tank+Bar/data=!4m7!3m6!1s0x48761d6ccc016357:0x8cdd66405a2f813f!8m2!3d51.5427822!4d-0.0227002!16s%2Fg%2F11bw47fyhg!19sChIJV2MBzGwddkgRP4EvWkBm3Yw?authuser=0&hl=en&rclk=1,,,,,,
https://www.google.com/maps/place/Royal+Oak/data=!4m7!3m6!1s0x48761cc7682d1fdd:0x8377445e7816b37b!8m2!3d51.5295681!4d-0.0693181!16s%2Fg%2F11bwdv7v96!19sChIJ3R8taMccdkgRe7MWeF5Ed4M?authuser=0&hl=en&rclk=1,,,,,,
https://www.google.com/maps/place/The+Spurstowe+Arms/data=!4m7!3m6!1s0x487606f76b898add:0x23f4eb01ef8cd953!8m2!3d51.5453895!4d-0.0631891!16s%2Fm%2F051tl5g!19sChIJ3YqJa_cGdkgRU9mM7wHr9CM?authuser=0&hl=en&rclk=1,,,,,,
https://www.google.com/maps/place/All+My+Friends/data=!4m7!3m6!1s0x48761d88d40d9267:0x5e07bf715646b220!8m2!3d51.5425759!4d-0.0218531!16s%2Fg%2F11s8hqdlrw!19sChIJZ5IN1IgddkgRILJGVnG_B14?authuser=0&hl=en&rclk=1,,,,,,
https://www.google.com/maps/place/The+Hawke+Pub/data=!4m7!3m6!1s0x48761dc163778fa7:0x29fb9cfcce43379b!8m2!3d51.5384086!4d-0.0438968!16s%2Fg%2F11tc8pbx8l!19sChIJp493Y8EddkgRmzdDzvyc-yk?authuser=0&hl=en&rclk=1,,,,,,
https://www.google.com/maps/place/Big+Night+Bar+%26+Restaurant+Hackney/data=!4m7!3m6!1s0x48761d13c88fe46f:0x102482ee91a0bd65!8m2!3d51.5469344!4d-0.0479859!16s%2Fg%2F11vk1__r1z!19sChIJb-SPyBMddkgRZb2gke6CJBA?authuser=0&hl=en&rclk=1,,,,,,
https://www.google.com/maps/place/One+Broadway+Market/data=!4m7!3m6!1s0x48761d7b05c3e4a9:0xce9cbdd293972177!8m2!3d51.535783!4d-0.062379!16s%2Fg%2F11pdf6tqqj!19sChIJqeTDBXsddkgRdyGXk9K9nM4?authuser=0&hl=en&rclk=1,,,,,,
https://www.google.com/maps/place/The+Lord+Napier+Star/data=!4m7!3m6!1s0x48761d1316e22709:0xdb20ee20543dfb0f!8m2!3d51.5431408!4d-0.0252239!16s%2Fg%2F11c5_5x9g6!19sChIJCSfiFhMddkgRD_s9VCDuINs?authuser=0&hl=en&rclk=1,,,,,,
https://www.google.com/maps/place/Pub+On+The+Park/data=!4m7!3m6!1s0x48761ce5f0fff627:0xe9be1c630f1a9d7b!8m2!3d51.5420925!4d-0.0582721!16s%2Fm%2F051tmdw!19sChIJJ_b_8OUcdkgRe50aD2Mcvuk?authuser=0&hl=en&rclk=1,,,,,,
https://www.google.com/maps/place/The+Cock+Tavern/data=!4m7!3m6!1s0x48761ce4d30054ff:0xa6f9fbdf55e7572a!8m2!3d51.5463393!4d-0.0553403!16s%2Fg%2F1wf21bg_!19sChIJ_1QA0-QcdkgRKlfnVd_7-aY?authuser=0&hl=en&rclk=1,,,,,,
https://www.google.com/maps/place/The+Lauriston/data=!4m7!3m6!1s0x48761d1fba3ddb43:0x82ca6f5cb9d971aa!8m2!3d51.5379188!4d-0.0450739!16s%2Fg%2F1tfxxj1d!19sChIJQ9s9uh8ddkgRqnHZuVxvyoI?authuser=0&hl=en&rclk=1,,,,,,
https://www.google.com/maps/place/Duke+Of+York/data=!4m7!3m6!1s0x48761db42bf97c3f:0xa77bdf55d08d26d7!8m2!3d51.5389546!4d-0.0785748!16s%2Fg%2F11gjw1ns47!19sChIJP3z5K7QddkgR1yaN0FXfe6c?authuser=0&hl=en&rclk=1,,,,,,
https://www.google.com/maps/place/Prince+George/data=!4m7!3m6!1s0x48761ced0c89f2df:0x76f14bee0ddd748d!8m2!3d51.5450381!4d-0.068113!16s%2Fm%2F051tlyq!19sChIJ3_KJDO0cdkgRjXTdDe5L8XY?authuser=0&hl=en&rclk=1,,,,,,